AlexaTime20Burst0Flow0,1,54,1494,460.06315789473683,193.0634903047094,326.52890167367946,106621.12362821941,1.35786768045,2.9125133051,54.0,54.0,491.0,491.0,491.0,491.0,491.0,491.0,491.0,95,54,1494,231.5164835164835,287.0938292476753,441.58294458402355,194995.49694749684,2.38388523374,3.99153137009,54.0,54.0,54.0,54.0,54.0,54.0,54.0,99.0,1173.0,91,54,1494,348.247311827957,307.79812695109206,402.691744649615,162160.6412089507,1.64196152465,2.14542083507,54.0,54.0,54.0,54.0,95.0,491.0,491.0,491.0,835.0,186
AlexaTime20Burst1Flow0,1,54,1494,530.7183098591549,259.60841102955834,409.6699083442879,167829.43380281725,1.26581230064,1.12072189359,54.0,91.0,491.0,491.0,491.0,491.0,491.0,491.0,1307.0,71,54,1494,261.09589041095893,326.79301932820425,478.62488688323333,229081.7823439879,2.13686218099,2.76025314869,54.0,54.0,54.0,54.0,54.0,54.0,54.0,165.0,1456.5999999999995,73,54,1494,394.03472222222223,352.5802469135811,464.5360782724045,215793.7680167055,1.4556403922,0.97599850985,54.0,54.0,54.0,54.0,156.0,491.0,491.0,491.0,1407.8000000000025,144
AlexaTime20Burst2Flow0,1,54,1494,495.8636363636364,266.9242424242422,420.0970908424217,176481.56573426593,1.2015636992,0.926424075933,54.0,54.0,312.5,491.0,491.0,491.0,491.0,491.0,1307.0,66,54,1494,268.90625,334.591796875,484.8526766509138,235082.11805555556,2.08449468463,2.54057466924,54.0,54.0,54.0,54.0,54.0,54.0,54.0,184.80000000000015,1437.9000000000005,64,54,1494,384.1307692307692,357.56828402366915,465.5174896332489,216706.53315444198,1.46996588506,0.976629486593,54.0,54.0,54.0,54.0,95.0,491.0,491.0,491.0,1321.4000000000012,130
AlexaTime20Burst3Flow0,1,54,1494,513.8787878787879,271.8282828282829,421.25437282008943,177455.2466200469,1.18146185605,0.834024759766,54.0,54.0,491.0,491.0,491.0,491.0,491.0,491.0,1307.0,66,54,1494,228.8125,277.802734375,432.4474782312546,187010.82142857142,2.43026686738,4.29864325902,54.0,54.0,54.0,54.0,54.0,54.0,54.0,151.8,1018.2000000000008,64,54,1494,373.53846153846155,345.3751479289941,448.5695464965563,201214.6380441262,1.50828045087,1.22521167058,54.0,54.0,54.0,54.0,95.0,491.0,491.0,491.0,1307.0,130
AlexaTime20Burst4Flow0,1,54,1494,506.95522388059703,260.7894854087771,420.6481086348246,176944.8312980552,1.30297968892,1.18444483385,54.0,54.0,449.40000000000003,491.0,491.0,491.0,491.0,491.0,1381.7999999999997,67,54,1494,260.0,322.2686567164179,475.54469566567303,226142.75757575757,2.16018439862,2.87270036887,54.0,54.0,54.0,54.0,54.0,54.0,54.0,172.00000000000006,1381.7999999999997,67,54,1494,383.4776119402985,351.071285364224,464.1010506444606,215389.78520929217,1.51807705863,1.14978426577,54.0,54.0,54.0,54.0,125.0,491.0,491.0,491.0,1437.9000000000005,134
AlexaTime20Burst5Flow0,1,54,1494,474.6764705882353,242.2707612456746,379.0078737880356,143646.96839332752,1.21461702987,1.55827555607,54.0,54.0,319.09999999999957,491.0,491.0,491.0,491.0,491.0,896.4000000000001,68,54,1494,283.61290322580646,351.91155046826236,492.79661467722644,242848.5034373348,1.97041869763,2.11609174915,54.0,54.0,54.0,54.0,54.0,54.0,54.0,207.2000000000002,1475.2999999999997,62,54,1494,383.55384615384617,343.77585798816574,445.66821290377516,198620.15599284467,1.45862596593,1.14883394105,54.0,54.0,54.0,54.0,156.0,491.0,491.0,491.0,1292.6000000000001,130
AlexaTime20Burst6Flow0,1,54,1494,502.11475409836066,298.2864821284601,449.62788682645333,202165.23661202192,1.18557055202,0.611898282445,54.0,54.0,96.0,491.0,491.0,491.0,491.0,491.0,1494.0,61,54,1494,294.3220338983051,365.81212295317425,502.92624538717433,252934.80829924028,1.89100953854,1.79570741375,54.0,54.0,54.0,54.0,54.0,54.0,54.0,216.00000000000003,1494.0,59,54,1494,399.95,375.39166666666705,485.8943733125611,236093.34201680645,1.40032126464,0.658989180306,54.0,54.0,54.0,54.0,93.5,491.0,491.0,491.0,1494.0,120
AlexaTime20Burst7Flow0,1,54,1494,487.296875,253.435546875,394.3835728447141,155538.4025297619,1.08417436021,0.853596305213,54.0,54.0,299.8,491.0,491.0,491.0,491.0,491.0,1190.200000000001,64,54,1494,299.37931034482756,370.2009512485135,505.92416141976054,255959.25710828791,1.86315536221,1.68802686991,54.0,54.0,54.0,54.0,54.0,54.0,94.49999999999993,219.00000000000003,1494.0,58,54,1494,397.9590163934426,356.10185434023134,458.7355852225093,210438.3371494381,1.36115196163,0.728643226847,54.0,54.0,54.0,54.0,157.5,491.0,491.0,491.0,1291.0,122
AlexaTime20Burst8Flow0,1,54,1494,540.4117647058823,335.861591695502,470.58007507630816,221445.6070588238,1.06488526314,0.135966479231,54.0,54.0,288.0,491.0,491.0,491.0,491.0,715.0,1494.0,51,54,1494,278.6666666666667,349.9084967320264,490.72866908982064,240814.62666666668,1.96820151045,2.0802973739,54.0,54.0,54.0,54.0,54.0,54.0,54.0,174.0,1307.0,51,54,1494,409.53921568627453,387.34928873510233,496.12388008187827,246138.90438749795,1.33347756483,0.399244828839,54.0,54.0,54.0,54.0,99.0,491.0,491.0,491.0,1494.0,102
AlexaTime1Min1Burst0Flow0,1,54,1494,211.69230769230768,213.2189349112426,393.5882757009294,154911.7307692308,3.355115346501752,11.635591375677357,54.0,54.0,54.0,54.0,54.0,77.39999999999999,129.79999999999987,219.20000000000007,277.6,13,54,1494,402.27272727272725,431.0743801652892,566.3463765063021,320748.21818181814,1.5672065286332764,1.063989255204497,54.0,54.0,54.0,54.0,62.0,113.0,485.0,507.0,1494.0,11,54,1494,299.0416666666667,331.56597222222223,479.2582565269745,229688.4764492753,2.1182096572735953,3.171004738973696,54.0,54.0,54.0,54.0,58.0,87.59999999999998,193.19999999999987,366.2000000000004,1197.8999999999994,24
AlexaTime1Min1Burst0Flow1,1,66,74,68.0,3.0,3.5386069477175313,12.521739130434783,1.2331509060227759,-0.531024531024531,66.0,66.0,66.0,66.0,66.0,66.0,66.0,74.0,74.0,24,66,74,70.0,4.0,4.177863742936748,17.454545454545453,0.0,-2.4444444444444446,66.0,66.0,66.0,66.0,70.0,74.0,74.0,74.0,74.0,12,66,74,68.66666666666667,3.555555555555557,3.8247315498700596,14.628571428571428,0.7382294351771216,-1.544117647058828,66.0,66.0,66.0,66.0,66.0,66.0,74.0,74.0,74.0,36
AlexaTime1Min1Burst0Flow2,1,54,1494,199.4,207.17333333333335,371.3392365094598,137892.82857142852,3.4514764843769132,12.495008446558344,54.0,54.0,54.0,54.0,54.0,62.0,87.59999999999998,208.40000000000012,336.79999999999995,15,54,1494,466.0833333333333,515.4444444444443,631.2039662182875,398418.446969697,1.204908260733613,-0.5178438893640176,54.0,54.0,54.0,57.2,87.5,159.79999999999998,389.7999999999998,1290.2000000000007,1494.0,12,54,1494,317.9259259259259,363.81069958847723,510.9281091929987,261047.5327635328,1.9301475889489779,2.11981791052286,54.0,54.0,54.0,54.0,54.0,84.19999999999999,188.60000000000002,352.40000000000003,1494.0,27
AlexaTime1Min1Burst0Flow3,1,66,1494,236.5,233.41666666666666,408.26584476294363,166681.0,3.1297423562262923,10.188916208675101,66.0,66.0,66.0,66.0,66.0,70.8,156.5999999999999,228.00000000000003,364.80000000000007,12,66,1494,803.6666666666666,596.5925925925926,659.3705331602255,434769.5,-0.1391914017259441,-2.257379351743168,66.0,70.8,173.99999999999997,467.60000000000014,1042.0,1151.6,1368.0,1494.0,1494.0,9,66,1494,479.57142857142856,506.62585034013614,590.1690919921655,348299.5571428571,1.043888237196716,-0.7785241927879385,66.0,66.0,66.0,66.0,74.0,237.0,379.0,1179.0,1494.0,21
AlexaTime1Min1Burst0Flow4,1,54,1494,246.33333333333334,201.85185185185182,299.82058737749253,89892.38461538464,2.9615506186310765,11.344373362055826,54.0,54.0,54.0,62.0,180.0,191.8,335.79999999999995,417.4000000000001,488.40000000000003,27,54,1494,350.36,402.9184,516.7797628906663,267061.3233333333,1.5745583227643616,0.9219215195283166,54.0,54.0,54.0,54.0,54.0,75.19999999999996,222.59999999999957,593.4000000000015,1337.2000000000005,25,54,1494,296.34615384615387,295.7485207100592,417.44192432121076,174257.76018099545,2.0767676908964106,3.377228758009118,54.0,54.0,54.0,54.0,68.0,181.2,304.49999999999966,459.4000000000002,970.9999999999993,52
AlexaTime1Min1Burst0Flow5,1,75,98,87.55813953488372,9.795565170362357,10.520506790213272,110.68106312292358,-0.15022597553754038,-1.8749659895639914,75.0,75.0,75.0,81.8,88.0,98.0,98.0,98.0,98.0,43,91,342,115.75555555555556,30.698271604938267,54.26498768901445,2944.6888888888893,3.55697801473081,12.790563087595917,91.0,97.39999999999999,98.0,98.0,98.0,98.0,102.19999999999999,103.0,152.0,45,75,342,101.97727272727273,18.211776859504138,41.75709101395538,1743.6546499477531,4.690027013348326,24.449924395900425,75.0,82.4,91.0,98.0,98.0,98.0,98.0,98.0,103.0,88
AlexaTime1Min2Burst0Flow0,1,54,1494,234.3846153846154,248.1301775147929,403.38144447109823,162716.58974358972,2.9646045512062944,9.265246831613412,54.0,54.0,54.0,54.0,54.0,77.39999999999999,129.79999999999987,251.60000000000016,481.20000000000016,13,54,1494,517.1666666666666,580.0555555555555,653.74429715341,427381.606060606,0.8890441943896188,-1.3319846704586258,54.0,54.0,54.0,57.2,87.5,172.39999999999998,810.4999999999994,1408.6000000000001,1494.0,12,54,1494,370.12,428.02240000000006,545.9236301901577,298032.61000000004,1.5413311218785701,0.6627003989497036,54.0,54.0,54.0,54.0,62.0,99.79999999999997,207.19999999999993,635.8000000000015,1494.0,25
AlexaTime1Min2Burst0Flow1,1,66,74,68.0,3.0,3.6181361349331636,13.090909090909092,1.3266499161421599,-0.32592592592592595,66.0,66.0,66.0,66.0,66.0,66.0,66.0,72.4,74.0,12,66,74,70.0,4.0,4.381780460041329,19.2,0.0,-3.3333333333333335,66.0,66.0,66.0,66.0,70.0,74.0,74.0,74.0,74.0,6,66,74,68.66666666666667,3.555555555555557,3.8805700005813275,15.058823529411764,0.7730823048033071,-1.5937500000000044,66.0,66.0,66.0,66.0,66.0,66.0,73.19999999999999,74.0,74.0,18
AlexaTime1Min2Burst0Flow2,1,54,1494,198.33333333333334,205.4666666666667,370.84299077847464,137524.52380952382,3.4733050747721577,12.633901143962508,54.0,54.0,54.0,54.0,54.0,62.0,87.59999999999998,208.40000000000012,327.2,15,54,1494,466.0833333333333,515.4444444444443,631.2039662182875,398418.446969697,1.204908260733613,-0.5178438893640176,54.0,54.0,54.0,57.2,87.5,159.79999999999998,389.7999999999998,1290.2000000000007,1494.0,12,54,1494,317.3333333333333,362.88888888888897,510.8770738792108,260995.38461538462,1.9344575514722235,2.132473650239829,54.0,54.0,54.0,54.0,54.0,84.19999999999999,188.60000000000002,339.6,1494.0,27
AlexaTime1Min2Burst0Flow3,1,54,1494,533.7285714285714,326.0722448979592,466.4395799892397,217565.88178053833,1.1332153538126806,0.2577403777358329,54.0,54.0,258.0,491.0,491.0,491.0,491.0,491.0,1494.0,70,54,1494,365.0,438.46666666666664,548.0232891253152,300329.5254237288,1.434409648366888,0.2293575894966895,54.0,54.0,54.0,54.0,54.0,54.0,202.79999999999984,942.4000000000008,1494.0,60,54,1494,455.8538461538462,393.47337278106505,510.7470302028798,260862.52886106138,1.172299888640359,-0.04183067834019427,54.0,54.0,54.0,54.0,262.5,491.0,491.0,555.4000000000009,1494.0,130
AlexaTime1Min2Burst0Flow4,1,66,309,100.52941176470588,55.93079584775086,78.10419134644665,6100.264705882353,2.1092003715729652,3.1762807355998386,66.0,66.0,66.0,66.0,66.0,66.0,66.0,72.4,227.20000000000005,17,66,1494,1312.8297872340424,300.66545948392945,427.2258500132207,182521.92691951894,-2.1875490399551514,3.377733730873909,631.0,1494.0,1494.0,1494.0,1494.0,1494.0,1494.0,1494.0,1494.0,47,66,1494,990.8125,613.259765625,652.7299418474129,426056.376984127,-0.5935884121246535,-1.6090902258304665,66.0,66.0,262.79999999999995,1494.0,1494.0,1494.0,1494.0,1494.0,1494.0,64
AlexaTime1Min2Burst0Flow5,1,75,98,87.82758620689656,7.191438763376933,8.972453739550534,80.50492610837436,-0.22511142108262053,-1.3743315615238785,75.0,76.8,83.60000000000001,88.0,88.0,88.0,98.0,98.0,98.0,29,91,200,118.03448275862068,24.456599286563613,28.190021991858714,794.677339901478,1.1092934240521917,0.6338243978175311,96.6,98.0,98.0,98.0,103.0,108.60000000000001,141.39999999999998,146.60000000000002,152.0,29,75,200,102.93103448275862,18.20808561236623,25.729948465433772,662.0302480338777,1.6530319837136997,2.7542144347236923,77.1,88.0,88.1,98.0,98.0,98.0,98.0,107.20000000000002,145.70000000000005,58
AlexaTime1Min2Burst1Flow0,1,90,90,90.0,0.0,0.0,0.0,0,0,90.0,90.0,90.0,90.0,90.0,90.0,90.0,90.0,90.0,7,90,90,90.0,0.0,0.0,0.0,0,0,90.0,90.0,90.0,90.0,90.0,90.0,90.0,90.0,90.0,7,90,90,90.0,0.0,0.0,0.0,0,0,90.0,90.0,90.0,90.0,90.0,90.0,90.0,90.0,90.0,14
AlexaTime1Min2Burst1Flow1,1,90,90,90.0,0.0,0.0,0.0,0,0,90.0,90.0,90.0,90.0,90.0,90.0,90.0,90.0,90.0,6,90,90,90.0,0.0,0.0,0.0,0,0,90.0,90.0,90.0,90.0,90.0,90.0,90.0,90.0,90.0,6,90,90,90.0,0.0,0.0,0.0,0,0,90.0,90.0,90.0,90.0,90.0,90.0,90.0,90.0,90.0,12
AlexaTime1Min2Burst1Flow2,1,90,90,90.0,0.0,0.0,0.0,0,0,90.0,90.0,90.0,90.0,90.0,90.0,90.0,90.0,90.0,6,90,90,90.0,0.0,0.0,0.0,0,0,90.0,90.0,90.0,90.0,90.0,90.0,90.0,90.0,90.0,6,90,90,90.0,0.0,0.0,0.0,0,0,90.0,90.0,90.0,90.0,90.0,90.0,90.0,90.0,90.0,12
AlexaTime1Min2Burst1Flow3,1,90,90,90.0,0.0,0.0,0.0,0,0,90.0,90.0,90.0,90.0,90.0,90.0,90.0,90.0,90.0,6,90,90,90.0,0.0,0.0,0.0,0,0,90.0,90.0,90.0,90.0,90.0,90.0,90.0,90.0,90.0,6,90,90,90.0,0.0,0.0,0.0,0,0,90.0,90.0,90.0,90.0,90.0,90.0,90.0,90.0,90.0,12
AlexaTime1Min2Burst1Flow4,1,66,305,67.57356608478803,3.0843464903825186,16.994710927263426,288.82019950124686,12.16279482690172,152.10339403446463,66.0,66.0,66.0,66.0,66.0,66.0,66.0,66.0,66.0,401,66,1494,1267.4090038314175,351.326852218846,466.6129525766871,217727.64751233367,-1.8198772513532624,1.6407568326408972,290.0,1144.4,1494.0,1494.0,1494.0,1494.0,1494.0,1494.0,1494.0,1044,66,1494,934.4442906574394,640.9825744423557,667.9683779885526,446181.7539926578,-0.4388196484459326,-1.7382372189802295,66.0,66.0,66.0,864.4000000000001,1494.0,1494.0,1494.0,1494.0,1494.0,1445
AlexaTime1Min2Burst1Flow5,1,90,90,90.0,0.0,0.0,0.0,0,0,90.0,90.0,90.0,90.0,90.0,90.0,90.0,90.0,90.0,6,90,90,90.0,0.0,0.0,0.0,0,0,90.0,90.0,90.0,90.0,90.0,90.0,90.0,90.0,90.0,6,90,90,90.0,0.0,0.0,0.0,0,0,90.0,90.0,90.0,90.0,90.0,90.0,90.0,90.0,90.0,12
AlexaTime1Min2Burst1Flow6,1,54,1494,522.99,302.53369999999995,443.8802635190131,197029.68834170853,1.1252859890822364,0.3866883331674891,54.0,54.0,344.39999999999975,491.0,491.0,491.0,491.0,491.0,1494.0,200,54,1494,309.4769230769231,391.0190138067061,519.2073888236188,269576.31260904047,1.7272656431509767,1.095107951904276,54.0,54.0,54.0,54.0,54.0,54.0,54.0,218.00000000000009,1494.0,195,54,1494,417.5848101265823,383.6354302195161,493.63406859465397,243674.59367731152,1.2986239774052613,0.30933342606579206,54.0,54.0,54.0,54.0,153.0,491.0,491.0,491.0,1494.0,395
AlexaTime1Min3Burst0Flow0,1,66,66,66.0,0.0,0.0,0.0,0,0,66.0,66.0,66.0,66.0,66.0,66.0,66.0,66.0,66.0,8,598,1494,1338.5,252.6875,335.09361875949435,112287.73333333334,-1.7918221164861978,1.4094539874141017,698.0,1494.0,1494.0,1494.0,1494.0,1494.0,1494.0,1494.0,1494.0,16,66,1494,914.3333333333334,627.9722222222222,669.8588213793338,448710.84057971014,-0.3794685670960981,-1.8573138180033015,66.0,66.0,66.0,683.6,1494.0,1494.0,1494.0,1494.0,1494.0,24
AlexaTime1Min3Burst0Flow1,1,54,1494,496.1029411764706,246.5579584775087,407.86320283892536,166352.3922300264,1.359629184388253,1.498870891179794,54.0,68.80000000000001,374.8999999999997,491.0,491.0,491.0,491.0,491.0,1350.2000000000007,68,54,1494,285.64179104477614,356.8148808197816,496.83552249095953,246845.53640886475,1.9477787571271095,2.0097598711420623,54.0,54.0,54.0,54.0,54.0,54.0,54.0,205.00000000000017,1494.0,67,54,1494,391.65185185185186,352.7139643347051,464.6636774186429,215912.33311221664,1.4800899939004333,1.0571440882966034,54.0,54.0,54.0,54.0,155.0,491.0,491.0,491.0,1476.8000000000002,135
AlexaTime1Min3Burst1Flow0,1,66,305,96.6842105263158,50.83656509695292,73.80759719370882,5447.561403508774,2.274077861859504,3.9379888873952864,66.0,66.0,66.0,66.0,66.0,66.0,66.0,69.2,213.59999999999997,19,66,1494,1323.6470588235295,279.8638985005766,439.66659293284545,193306.71294117643,-2.4210259544464017,4.1031058847181185,226.0,1494.0,1494.0,1494.0,1494.0,1494.0,1494.0,1494.0,1494.0,51,66,1494,990.6142857142858,631.5816326530611,665.9737622210606,443521.05196687375,-0.6144531985373415,-1.6459147019166802,66.0,66.0,189.79999999999998,1394.0,1494.0,1494.0,1494.0,1494.0,1494.0,70
AlexaTime1Min3Burst2Flow0,1,54,305,69.5,6.985795454545454,26.01840242899754,676.957264957265,7.858516380634066,62.769238544958874,66.0,66.0,66.0,66.0,66.0,66.0,66.0,66.0,66.0,352,66,1494,1272.6092485549134,343.32035951752476,466.1193168137937,217267.21750695782,-1.8957569007328439,1.8978815343831945,230.80000000000007,1202.0,1494.0,1494.0,1494.0,1494.0,1494.0,1494.0,1494.0,865,54,1494,924.6269515201315,647.8955795364086,672.5944041031809,452383.23243091296,-0.41621881957560414,-1.7691835189596148,66.0,66.0,66.0,877.200000000001,1494.0,1494.0,1494.0,1494.0,1494.0,1217
AlexaTime1Min3Burst2Flow1,1,54,1494,494.65841584158414,286.00607783550623,438.7159091130851,192471.64890892073,1.1946077549493,0.6336613753908495,54.0,54.0,122.09999999999978,491.0,491.0,491.0,491.0,491.0,1475.300000000001,202,54,1494,277.97435897435895,346.83944773175546,486.2216459906639,236411.48902987048,1.9693789195836078,2.0627867239083644,54.0,54.0,54.0,54.0,54.0,54.0,54.0,180.80000000000058,1494.0,195,54,1494,388.22670025188916,366.86445571001656,474.6321425055805,225275.67069943767,1.4409902311346006,0.80198977820223,54.0,54.0,54.0,54.0,91.0,491.0,491.0,491.0,1494.0,397
AlexaTime1Min3Burst2Flow2,1,54,305,98.54054054054055,52.09057706355004,73.76411149159287,5441.144144144144,2.070597107657386,2.868067335776531,66.0,66.0,66.0,66.0,66.0,66.0,66.0,97.20000000000002,227.1999999999999,37,66,1494,1108.6379310344828,537.4554102259215,609.7340432092307,371775.60344827594,-1.0380710674416769,-0.912731294977108,74.0,166.0,1314.7999999999997,1494.0,1494.0,1494.0,1494.0,1494.0,1494.0,58,54,1494,715.2315789473685,675.984709141274,687.5415415322822,472713.3713325869,0.2199934647108452,-1.9619353680470402,66.0,66.0,66.0,103.0,226.0,1424.8,1494.0,1494.0,1494.0,95
AlexaTime1Min4Burst0Flow0,1,54,305,68.53164556962025,5.260268119425305,22.824590205375827,520.9619180433382,9.17387363984631,86.36270318342083,66.0,66.0,66.0,66.0,66.0,66.0,66.0,66.0,66.0,237,66,1494,1249.6073717948718,375.72823697403015,488.92122019844527,239043.95956033663,-1.7081288348498733,1.1783293866640028,143.20000000000002,1098.8000000000002,1494.0,1494.0,1494.0,1494.0,1494.0,1494.0,1494.0,624,54,1494,924.5029036004646,648.2160791344103,672.2458742145882,451914.51539853594,-0.4074732688093936,-1.7737038565673486,66.0,66.0,66.0,794.0,1494.0,1494.0,1494.0,1494.0,1494.0,861
AlexaTime1Min4Burst0Flow1,1,54,1494,510.43654822335026,291.8493133036152,440.20021219971886,193776.22682067752,1.1870331040654587,0.5836193764538313,54.0,54.0,261.0,491.0,491.0,491.0,491.0,491.0,1494.0,197,54,1494,283.5769230769231,356.34826711749776,494.56783089280697,244597.3393540161,1.9162572240554574,1.8238928644678771,54.0,54.0,54.0,54.0,54.0,54.0,54.0,205.20000000000044,1494.0,182,54,1494,401.49604221635883,370.21446522928693,480.08199460627674,230478.7215451411,1.3904330267171534,0.6404423229652396,54.0,54.0,54.0,54.0,151.0,491.0,491.0,491.0,1494.0,379
AlexaTime1Min4Burst1Flow0,1,54,1494,509.22222222222223,286.994708994709,439.08197649055586,192792.98207885306,1.1938973886258173,0.7484213770371406,54.0,54.0,345.79999999999967,491.0,491.0,491.0,491.0,491.0,1456.6000000000008,63,54,1494,246.32758620689654,300.9096313912009,450.80502604380104,203225.1715063521,2.2655373663745197,3.4876982864077193,54.0,54.0,54.0,54.0,54.0,54.0,54.0,154.60000000000002,1168.400000000001,58,54,1494,383.20661157024796,356.119937162762,462.0977154483557,213534.29862258953,1.4795350581174387,1.0607624399864646,54.0,54.0,54.0,54.0,99.0,491.0,491.0,491.0,1307.0,121
AlexaTime1Min4Burst2Flow0,1,54,305,100.05405405405405,53.165814463111744,75.62331575569723,5718.885885885886,2.067037575368122,2.8162170389461387,66.0,66.0,66.0,66.0,66.0,66.0,74.0,98.00000000000003,233.59999999999988,37,66,1494,1250.235294117647,392.5301038062284,522.2603038045032,272755.824929972,-1.7651018365786277,1.2000726438284386,103.0,1422.0,1494.0,1494.0,1494.0,1494.0,1494.0,1494.0,1494.0,85,54,1494,901.4098360655738,673.7755979575384,687.6744347195954,472896.1281669151,-0.32411853946827834,-1.9011742120839141,66.0,66.0,85.49999999999993,292.4000000000001,1494.0,1494.0,1494.0,1494.0,1494.0,122
AlexaTime1Min4Burst2Flow1,1,54,305,94.8780487804878,49.21832242712671,72.1145599452535,5200.509756097561,2.2286365460809683,3.5868399819126933,54.0,66.0,66.0,66.0,66.0,66.0,66.0,74.0,200.0,41,66,1494,976.0454545454545,622.1694214876035,659.8790218420575,435440.3234672305,-0.5661474885162334,-1.7076293775145377,66.0,103.0,220.00000000000003,1306.0,1494.0,1494.0,1494.0,1494.0,1494.0,44,54,1494,551.0117647058823,602.0863667820067,649.276987889453,421560.60700280097,0.7319375286209532,-1.448537471530752,66.0,66.0,66.0,66.0,103.0,226.0,1306.0,1494.0,1494.0,85
AlexaTime1Min4Burst3Flow0,1,66,305,98.78947368421052,51.855955678670355,75.47080299866404,5695.842105263157,2.2630061389816367,3.8561507619663318,66.0,66.0,66.0,66.0,66.0,66.0,70.8,78.0,216.79999999999995,19,66,1494,1198.0,444.9230769230769,551.4491781464828,304096.1960784314,-1.4499769679545944,0.13668969952230103,174.0,458.8000000000012,1410.0,1494.0,1494.0,1494.0,1494.0,1494.0,1494.0,52,66,1494,903.8450704225352,665.5873834556634,680.5986576513216,463214.5327967808,-0.32917532423093737,-1.9238078389695856,66.0,74.0,174.0,284.0,1466.0,1494.0,1494.0,1494.0,1494.0,71
AlexaTime1Min4Burst4Flow0,1,66,305,88.62962962962963,38.74897119341564,64.7427739645652,4191.626780626782,2.8636840154526864,7.124311270622941,66.0,66.0,66.0,66.0,66.0,66.0,66.0,66.0,126.80000000000027,27,66,1494,1295.7439024390244,322.4309934562761,459.1505794311823,210819.2545919904,-2.0915542940326377,2.6385858081711544,174.0,1402.0,1494.0,1494.0,1494.0,1494.0,1494.0,1494.0,1494.0,82,66,1494,996.7339449541284,621.1258311589934,658.1564831687605,433169.95633707085,-0.6281743876633687,-1.5854505629311342,66.0,66.0,174.0,1402.0000000000002,1494.0,1494.0,1494.0,1494.0,1494.0,109
AlexaTime1Min5Burst0Flow0,1,66,78,66.06,0.11940000000000225,0.8485281374238571,0.7200000000000002,14.142135623730944,199.99999999999991,66.0,66.0,66.0,66.0,66.0,66.0,66.0,66.0,66.0,200,66,1494,1271.7790697674418,348.7007842076799,468.7479601280218,219724.65012418153,-1.8621913259340228,1.7658989393179825,234.0,1262.0,1494.0,1494.0,1494.0,1494.0,1494.0,1494.0,1494.0,516,66,1494,934.9860335195531,645.5640273399707,671.8042462348761,451320.94525921013,-0.44204215697271015,-1.74777851734686,66.0,66.0,66.0,894.0,1494.0,1494.0,1494.0,1494.0,1494.0,716
AlexaTime1Min5Burst0Flow1,1,54,1494,507.1761658031088,290.1659104942414,437.1414602894267,191092.65630397238,1.1654309610149391,0.5663376028824669,54.0,54.0,260.6,491.0,491.0,491.0,491.0,491.0,1456.6000000000022,193,54,1494,253.15469613259668,309.4880498153292,456.4955255257669,208388.16482504606,2.185420254738287,3.0231003194597945,54.0,54.0,54.0,54.0,54.0,54.0,54.0,173.0,1307.0,181,54,1494,384.24064171122996,356.79390317138035,463.7726005773044,215085.0250462359,1.465552050877623,0.948602632007681,54.0,54.0,54.0,54.0,99.0,491.0,491.0,491.0,1307.0,374
AlexaTime1Min5Burst1Flow0,1,75,98,89.11764705882354,10.449826989619377,11.185271302818142,125.11029411764706,-0.5033644029438353,-1.906558907498738,75.0,75.0,75.0,90.2,98.0,98.0,98.0,98.0,98.0,17,91,196,103.41176470588235,10.892733564013836,24.14554519867332,583.0073529411764,3.9570314136585973,16.054757181000905,91.0,98.0,98.0,98.0,98.0,98.0,98.0,102.0,103.0,17,75,196,96.26470588235294,9.096885813148788,19.89869620143325,395.9581105169341,3.814819872268533,19.938165607384732,75.0,88.60000000000001,97.3,98.0,98.0,98.0,98.0,98.0,101.5,34
AlexaTime1Min5Burst1Flow1,1,66,74,68.0,3.0,3.6181361349331636,13.090909090909092,1.3266499161421599,-0.32592592592592595,66.0,66.0,66.0,66.0,66.0,66.0,66.0,72.4,74.0,12,66,74,70.0,4.0,4.381780460041329,19.2,0.0,-3.3333333333333335,66.0,66.0,66.0,66.0,70.0,74.0,74.0,74.0,74.0,6,66,74,68.66666666666667,3.555555555555557,3.8805700005813275,15.058823529411764,0.7730823048033072,-1.5937500000000049,66.0,66.0,66.0,66.0,66.0,66.0,73.19999999999999,74.0,74.0,18
AlexaTime1Min5Burst1Flow2,1,66,305,70.87704918032787,9.35434023112067,30.58481713456182,935.4310391545863,6.646719056917324,44.4891973210608,66.0,66.0,66.0,66.0,66.0,66.0,66.0,66.0,66.0,122,66,1494,1272.0682492581602,348.0457519217393,467.87723330722497,218909.1054472234,-1.855173540012527,1.7359478094464786,238.00000000000006,1241.2,1494.0,1494.0,1494.0,1494.0,1494.0,1494.0,1494.0,337,66,1494,952.7973856209151,637.7495834935281,665.6053326542532,443030.458857779,-0.4908894096224675,-1.7007607319037619,66.0,66.0,74.0,1101.200000000001,1494.0,1494.0,1494.0,1494.0,1494.0,459
AlexaTime1Min5Burst1Flow3,1,54,1494,517.3529411764706,280.09169550173027,432.1595464331546,186761.87357330995,1.2500710325533146,0.8488882793399695,54.0,91.0,418.99999999999983,491.0,491.0,491.0,491.0,491.0,1433.1000000000004,68,54,1494,239.67164179104478,292.6353308086434,446.68873943855255,199530.8299412031,2.3480765427615804,3.8540458943834572,54.0,54.0,54.0,54.0,54.0,54.0,54.0,157.40000000000003,1188.1999999999998,67,54,1494,379.5407407407407,348.13596707818925,459.4309875084933,211076.8322830293,1.5312587054646765,1.2139738486824148,54.0,54.0,54.0,54.0,99.0,491.0,491.0,491.0,1367.000000000001,135
